Z,h,K,T,persistence,biomass,stability,diversity
10.0,2.0,3.5938136638046276,293.15,0.95,"[0.3572583852988209, 0.35725834396932055, 0.35725834396932044, 0.35725837660241233, 0.22754777061688006, 0.3572583591750652, 0.0, 0.0660389007359502, 0.0660368978324575, 0.22754746319041916, 0.24935958902911567, 0.1253680282277427, 0.06007920352321265, 0.35725837503113256, 0.7910177408186747, 7.598226174548278, 0.03729452238408315, 0.3572583659157326, 0.04180111628324861, 0.7931773799900378]",-0.010510962461279172,0.5890977371222428
10.0,2.0,3.5938136638046276,296.15,0.95,"[0.37489406542562687, 0.37489405828560296, 0.37489405828560013, 0.3748940639595088, 0.18302195840107427, 0.37489406094461797, 0.0, 0.03973286304351506, 0.039732833652468755, 0.1830219583747937, 0.42763269892604133, 0.17990819025446114, 0.0393878704511075, 0.37489406369613776, 1.5097722983587372, 8.565341512700037, 0.02121459198727272, 0.3748940621469733, 0.025347570747597983, 1.7951484502552861]",-0.007508540939725957,0.5939562075138237
